{"coordinates_3d": [[0.3753117322921753, 0.5420451164245605, 0.43024185916301966], [0.45269840955734253, 0.5420451164245605, 0.43024185916301966], [0.45269840955734253, 0.6103310585021973, 0.43024185916301966], [0.3753117322921753, 0.6103310585021973, 0.43024185916301966], [0.3753117322921753, 0.5420451164245605, 0.5392829058516289], [0.45269840955734253, 0.5420451164245605, 0.5392829058516289], [0.45269840955734253, 0.6103310585021973, 0.5392829058516289], [0.3753117322921753, 0.6103310585021973, 0.5392829058516289]], "tumor_type": "pituitary", "confidence": 0.8185355067253113}