{"coordinates_3d": [[0.37464386224746704, 0.2709762454032898, 0.4169019641203222], [0.515232264995575, 0.2709762454032898, 0.4169019641203222], [0.515232264995575, 0.4674443304538727, 0.4169019641203222], [0.37464386224746704, 0.4674443304538727, 0.4169019641203222], [0.37464386224746704, 0.2709762454032898, 0.5830980358796778], [0.515232264995575, 0.2709762454032898, 0.5830980358796778], [0.515232264995575, 0.4674443304538727, 0.5830980358796778], [0.37464386224746704, 0.4674443304538727, 0.5830980358796778]], "tumor_type": "glioma", "confidence": 0.8411185145378113}