{"coordinates_3d": [[0.00535399403738146, 0.0, 0.1], [0.9923662024350902, 0.0, 0.1], [0.9923662024350902, 0.6398044206709138, 0.1], [0.00535399403738146, 0.6398044206709138, 0.1], [0.00535399403738146, 0.0, 0.9], [0.9923662024350902, 0.0, 0.9], [0.9923662024350902, 0.6398044206709138, 0.9], [0.00535399403738146, 0.6398044206709138, 0.9]], "tumor_type": "notumor", "confidence": 0.9177125096321106}