{"coordinates_3d": [[0.37187981605529785, 0.2884303033351898, 0.4316125451035611], [0.4979773163795471, 0.2884303033351898, 0.4316125451035611], [0.4979773163795471, 0.4367867410182953, 0.4316125451035611], [0.37187981605529785, 0.4367867410182953, 0.4316125451035611], [0.37187981605529785, 0.2884303033351898, 0.5683874548964389], [0.4979773163795471, 0.2884303033351898, 0.5683874548964389], [0.4979773163795471, 0.4367867410182953, 0.5683874548964389], [0.37187981605529785, 0.4367867410182953, 0.5683874548964389]], "tumor_type": "glioma", "confidence": 0.7738303542137146}