{"coordinates_3d": [[0.6261410117149353, 0.5852120518684387, 0.430379995222733], [0.755413293838501, 0.5852120518684387, 0.430379995222733], [0.755413293838501, 0.735188364982605, 0.430379995222733], [0.6261410117149353, 0.735188364982605, 0.430379995222733], [0.6261410117149353, 0.5852120518684387, 0.569620004777267], [0.755413293838501, 0.5852120518684387, 0.569620004777267], [0.755413293838501, 0.735188364982605, 0.569620004777267], [0.6261410117149353, 0.735188364982605, 0.569620004777267]], "tumor_type": "meningioma", "confidence": 0.8868626952171326}