{"coordinates_3d": [[0.37187981605529785, 0.2884303033351898, 0.4248971132199932], [0.4979773163795471, 0.2884303033351898, 0.4248971132199932], [0.4979773163795471, 0.4367867410182953, 0.4248971132199932], [0.37187981605529785, 0.4367867410182953, 0.4248971132199932], [0.37187981605529785, 0.2884303033351898, 0.6300594779093098], [0.4979773163795471, 0.2884303033351898, 0.6300594779093098], [0.4979773163795471, 0.4367867410182953, 0.6300594779093098], [0.37187981605529785, 0.4367867410182953, 0.6300594779093098]], "tumor_type": "glioma", "confidence": 0.7738303542137146}